text,label
I think the whole thing is kinda overblown honestly. like yeah climate change is real but the media makes it sound like we're all gonna die tomorrow lol,0
so i was reading about this yesterday and i still dont fully get it. can someone explain it in simple terms? ive tried googling but everything is too technical,0
my professor explained it differently and i got confused. the textbook says one thing but the lecture said another. which one should i follow for the exam?,0
honestly i just winged the entire assignment and got a B so i think im good lol. didnt even read half the chapters,0
wait so does this mean that the results from last week were wrong?? because if so that changes everything we discussed,0
i tried this method and it worked for me but my friend said it didnt work for them. maybe it depends on the setup?,0
not gonna lie i had no idea this was even a thing until my cousin mentioned it at dinner last week,0
the experiment was a mess because we ran out of time and had to rush the last part. i think that affected our results,0
i genuinely dont understand why this keeps happening. we fixed it three times already and its still broken,0
tbh the first method is easier to understand even if its not the most efficient. ill stick with that for now,0
can someone check my work? i feel like i made an error somewhere around step 4 but i cant figure out where,0
we did this in class last semester and i remember it being way simpler than this. maybe im overthinking it,0
i asked my dad about this since he works in the field and he said the textbook version is outdated by like 10 years,0
just realized i misread the question entirely and now i have to redo the whole thing. great.,0
this actually makes sense now that you explained it like that. i was thinking about it completely backwards,0
the graph looks weird to me. like the spike at week 3 doesnt match what we expected based on the hypothesis,0
i copied the formula from the slides but it keeps giving me a different answer than the key. not sure what im missing,0
ok so i get the concept but applying it is a whole different story. practice problems are way harder than examples,0
my group members arent responding and the deadline is tomorrow. at this point im just doing it myself,0
the second approach seems more logical to me personally but i can see why some people prefer the first,0
i spent like 2 hours on this and im still stuck on the same part. maybe ill just ask during office hours,0
does anyone else think the grading rubric is super vague? i genuinely dont know what they want,0
i tested both versions and mine works fine locally but crashes on the school server. so frustrating,0
the reading was actually pretty interesting this week. way better than the dry stuff we had last month,0
i feel like the answer is obvious but i keep second guessing myself. going with my first instinct,0
we had a huge debate about this in my study group and nobody could agree. gonna ask the TA tomorrow,0
i know this is a basic question but i never really learned it properly the first time around,0
honestly the whole system is confusing and i dont think its just me. everyone in my class is lost,0
it took me forever to figure out the setup but once i did the rest was pretty straightforward,0
the results were different every time i ran it which tells me something in the process isnt consistent,0
i get what youre saying but i still think there has to be a simpler explanation for what we observed,0
just wing it and see what happens. worst case you redo it. best case it works and you move on,0
i actually liked the old way better. the new update changed things that didnt need to be changed,0
the data we collected doesnt really support the hypothesis but our teacher said thats okay and to explain why,0
i have no idea how to start this problem. like i understand the theory but where do you even begin,0
"The phenomenon you are describing can be attributed to several interconnected factors. First, the structural composition of the material influences its thermal conductivity. Second, external environmental variables such as humidity and pressure play a significant role in the observed behavior.",1
"To address this question comprehensively, it is important to consider both the theoretical framework and the empirical evidence available. The results suggest a statistically significant correlation between the independent and dependent variables, with a p-value below the conventional threshold of 0.05.",1
"In conclusion, the methodology employed in this study demonstrates a robust approach to data collection and analysis. The findings align with previous research in the field and contribute meaningfully to the existing body of knowledge.",1
"The algorithm operates by iteratively optimizing an objective function through gradient descent. At each step, the weights are updated proportionally to the negative gradient of the loss function, ensuring convergence toward a local minimum under appropriate learning rate conditions.",1
"There are several key considerations when evaluating this approach. First, scalability must be addressed to ensure the system performs efficiently under high load. Second, security implications require thorough assessment, particularly with respect to data integrity and access control.",1
"The historical development of this concept can be traced back to the early twentieth century, when foundational theories were first proposed by leading scholars in the discipline. Subsequent research refined and expanded upon these initial frameworks.",1
"From a technical standpoint, the implementation leverages a microservices architecture to ensure modularity and fault tolerance. Each service communicates via RESTful APIs, enabling seamless integration across distributed components.",1
The data clearly indicates a positive trend over the observed period. This can be interpreted as evidence supporting the hypothesis that increased input variables lead to proportionally higher output values under controlled conditions.,1
"To summarize the key points: the process involves three distinct phases, each contributing to the overall outcome. Phase one establishes the baseline parameters, phase two applies the transformation logic, and phase three validates the final result.",1
This research examines the relationship between socioeconomic factors and academic performance across diverse demographic groups. The findings reveal notable disparities that warrant further investigation and targeted policy interventions.,1
The proposed solution addresses the identified limitations through a combination of algorithmic improvements and architectural redesign. Preliminary benchmarks indicate a performance improvement of approximately 40 percent compared to the baseline approach.,1
"It is worth noting that while the theoretical model provides a useful approximation, real-world applications may exhibit deviations due to noise, measurement error, and uncontrolled confounding variables.",1
The implementation of this feature requires careful consideration of edge cases and boundary conditions. Robust error handling mechanisms should be incorporated to ensure system stability under unexpected input scenarios.,1
"Based on the available evidence, it is reasonable to conclude that the intervention produced measurable positive outcomes. However, longitudinal studies would be necessary to assess the sustainability of these effects over time.",1
The synthesis of existing literature reveals a consensus around three primary mechanisms. Each mechanism operates independently yet contributes synergistically to the overall system behavior observed in empirical studies.,1
"This approach offers several advantages over traditional methods. It is computationally efficient, highly adaptable to varying input conditions, and produces results consistent with established theoretical predictions.",1
"The experimental results demonstrate that the proposed model outperforms baseline approaches across all evaluated metrics. Specifically, accuracy improved by 12 percent while computational cost was reduced by approximately 30 percent.",1
"Understanding this concept requires familiarity with foundational principles from multiple disciplines, including mathematics, physics, and computer science. An interdisciplinary approach is therefore essential for comprehensive analysis.",1
The system architecture is designed with scalability and reliability as primary objectives. Horizontal scaling capabilities ensure that the platform can accommodate increasing user demand without degradation in performance.,1
"A thorough analysis of the data reveals several important patterns. The primary trend suggests a consistent increase over time, while secondary fluctuations can be attributed to seasonal and environmental factors.",1
The methodology section outlines the systematic procedures followed during data collection and analysis. Strict adherence to established protocols ensures reproducibility and minimizes potential sources of bias.,1
"This document provides a comprehensive overview of the theoretical background, practical applications, and future research directions associated with the subject matter under investigation.",1
"The evaluation criteria encompass both quantitative metrics, such as accuracy and efficiency, and qualitative assessments, including usability and interpretability. A balanced approach ensures a holistic evaluation of system performance.",1
Recent advancements in this field have enabled more precise and efficient solutions to previously intractable problems. These developments have significant implications for both academic research and industrial applications.,1
"The correlation between the observed variables is statistically robust, with confidence intervals confirming the reliability of the estimated effect sizes. These results are consistent across multiple independent datasets.",1
"To implement this solution effectively, it is recommended to follow a structured development methodology that incorporates iterative testing, continuous integration, and comprehensive documentation throughout the development lifecycle.",1
"The findings of this analysis have broad implications for practitioners in the field. By understanding the underlying mechanisms, organizations can develop more effective strategies for addressing the challenges identified in this report.",1
"This overview covers the essential aspects of the topic, providing both theoretical foundations and practical guidance. Readers are encouraged to consult the referenced literature for more detailed treatment of specific subtopics.",1
The comparative analysis demonstrates that the proposed framework achieves superior performance on standardized benchmarks while maintaining interpretability and computational efficiency.,1
"In light of the evidence presented, it is clear that a multifaceted approach is necessary to address the complexity of the problem. Single-factor interventions are unlikely to produce the desired outcomes in isolation.",1
The technical specifications outlined in this document serve as the authoritative reference for implementation teams. Deviations from these specifications should be formally documented and assessed for potential impact.,1
"Drawing from established theoretical models and recent empirical research, this analysis provides a nuanced understanding of the factors contributing to the observed outcomes.",1
The proposed architecture leverages industry-standard protocols to ensure interoperability across heterogeneous systems. This design choice facilitates seamless integration with existing infrastructure.,1
A rigorous evaluation framework was employed to assess the performance of competing approaches. The results consistently favor the proposed methodology across all tested scenarios and evaluation metrics.,1
The implications of these findings extend beyond the immediate research context. They suggest a need for revised guidelines and updated best practices within the broader professional community.,1
"Drawing from established theoretical models and recent empirical research, this analysis provides a nuanced understanding of the factors contributing to the observed outcomes.",1
"In conclusion, the methodology employed in this study demonstrates a robust approach to data collection and analysis. The findings align with previous research in the field and contribute meaningfully to the existing body of knowledge.",1
"The findings of this analysis have broad implications for practitioners in the field. By understanding the underlying mechanisms, organizations can develop more effective strategies for addressing the challenges identified in this report.",1
we did this in class last semester and i remember it being way simpler than this. maybe im overthinking it,0
i copied the formula from the slides but it keeps giving me a different answer than the key. not sure what im missing,0
"The experimental results demonstrate that the proposed model outperforms baseline approaches across all evaluated metrics. Specifically, accuracy improved by 12 percent while computational cost was reduced by approximately 30 percent.",1
"A thorough analysis of the data reveals several important patterns. The primary trend suggests a consistent increase over time, while secondary fluctuations can be attributed to seasonal and environmental factors.",1
it took me forever to figure out the setup but once i did the rest was pretty straightforward,0
"The phenomenon you are describing can be attributed to several interconnected factors. First, the structural composition of the material influences its thermal conductivity. Second, external environmental variables such as humidity and pressure play a significant role in the observed behavior.",1
"From a technical standpoint, the implementation leverages a microservices architecture to ensure modularity and fault tolerance. Each service communicates via RESTful APIs, enabling seamless integration across distributed components.",1
"There are several key considerations when evaluating this approach. First, scalability must be addressed to ensure the system performs efficiently under high load. Second, security implications require thorough assessment, particularly with respect to data integrity and access control.",1
tbh the first method is easier to understand even if its not the most efficient. ill stick with that for now,0
i actually liked the old way better. the new update changed things that didnt need to be changed,0
i tested both versions and mine works fine locally but crashes on the school server. so frustrating,0
The implementation of this feature requires careful consideration of edge cases and boundary conditions. Robust error handling mechanisms should be incorporated to ensure system stability under unexpected input scenarios.,1
"In light of the evidence presented, it is clear that a multifaceted approach is necessary to address the complexity of the problem. Single-factor interventions are unlikely to produce the desired outcomes in isolation.",1
This research examines the relationship between socioeconomic factors and academic performance across diverse demographic groups. The findings reveal notable disparities that warrant further investigation and targeted policy interventions.,1
i genuinely dont understand why this keeps happening. we fixed it three times already and its still broken,0
I think the whole thing is kinda overblown honestly. like yeah climate change is real but the media makes it sound like we're all gonna die tomorrow lol,0
i feel like the answer is obvious but i keep second guessing myself. going with my first instinct,0
just wing it and see what happens. worst case you redo it. best case it works and you move on,0
does anyone else think the grading rubric is super vague? i genuinely dont know what they want,0
i know this is a basic question but i never really learned it properly the first time around,0
Recent advancements in this field have enabled more precise and efficient solutions to previously intractable problems. These developments have significant implications for both academic research and industrial applications.,1
the data we collected doesnt really support the hypothesis but our teacher said thats okay and to explain why,0
not gonna lie i had no idea this was even a thing until my cousin mentioned it at dinner last week,0
"The algorithm operates by iteratively optimizing an objective function through gradient descent. At each step, the weights are updated proportionally to the negative gradient of the loss function, ensuring convergence toward a local minimum under appropriate learning rate conditions.",1
The proposed architecture leverages industry-standard protocols to ensure interoperability across heterogeneous systems. This design choice facilitates seamless integration with existing infrastructure.,1
A rigorous evaluation framework was employed to assess the performance of competing approaches. The results consistently favor the proposed methodology across all tested scenarios and evaluation metrics.,1
the reading was actually pretty interesting this week. way better than the dry stuff we had last month,0
"The correlation between the observed variables is statistically robust, with confidence intervals confirming the reliability of the estimated effect sizes. These results are consistent across multiple independent datasets.",1
i tried this method and it worked for me but my friend said it didnt work for them. maybe it depends on the setup?,0
"To summarize the key points: the process involves three distinct phases, each contributing to the overall outcome. Phase one establishes the baseline parameters, phase two applies the transformation logic, and phase three validates the final result.",1
The implications of these findings extend beyond the immediate research context. They suggest a need for revised guidelines and updated best practices within the broader professional community.,1
"The historical development of this concept can be traced back to the early twentieth century, when foundational theories were first proposed by leading scholars in the discipline. Subsequent research refined and expanded upon these initial frameworks.",1
"Based on the available evidence, it is reasonable to conclude that the intervention produced measurable positive outcomes. However, longitudinal studies would be necessary to assess the sustainability of these effects over time.",1
my group members arent responding and the deadline is tomorrow. at this point im just doing it myself,0
"To address this question comprehensively, it is important to consider both the theoretical framework and the empirical evidence available. The results suggest a statistically significant correlation between the independent and dependent variables, with a p-value below the conventional threshold of 0.05.",1
The data clearly indicates a positive trend over the observed period. This can be interpreted as evidence supporting the hypothesis that increased input variables lead to proportionally higher output values under controlled conditions.,1
ok so i get the concept but applying it is a whole different story. practice problems are way harder than examples,0
"The evaluation criteria encompass both quantitative metrics, such as accuracy and efficiency, and qualitative assessments, including usability and interpretability. A balanced approach ensures a holistic evaluation of system performance.",1
The methodology section outlines the systematic procedures followed during data collection and analysis. Strict adherence to established protocols ensures reproducibility and minimizes potential sources of bias.,1
"It is worth noting that while the theoretical model provides a useful approximation, real-world applications may exhibit deviations due to noise, measurement error, and uncontrolled confounding variables.",1
The synthesis of existing literature reveals a consensus around three primary mechanisms. Each mechanism operates independently yet contributes synergistically to the overall system behavior observed in empirical studies.,1
this actually makes sense now that you explained it like that. i was thinking about it completely backwards,0
"This overview covers the essential aspects of the topic, providing both theoretical foundations and practical guidance. Readers are encouraged to consult the referenced literature for more detailed treatment of specific subtopics.",1
The system architecture is designed with scalability and reliability as primary objectives. Horizontal scaling capabilities ensure that the platform can accommodate increasing user demand without degradation in performance.,1
we had a huge debate about this in my study group and nobody could agree. gonna ask the TA tomorrow,0
the experiment was a mess because we ran out of time and had to rush the last part. i think that affected our results,0
so i was reading about this yesterday and i still dont fully get it. can someone explain it in simple terms? ive tried googling but everything is too technical,0
my professor explained it differently and i got confused. the textbook says one thing but the lecture said another. which one should i follow for the exam?,0
i get what youre saying but i still think there has to be a simpler explanation for what we observed,0
just realized i misread the question entirely and now i have to redo the whole thing. great.,0
wait so does this mean that the results from last week were wrong?? because if so that changes everything we discussed,0
honestly the whole system is confusing and i dont think its just me. everyone in my class is lost,0
"To implement this solution effectively, it is recommended to follow a structured development methodology that incorporates iterative testing, continuous integration, and comprehensive documentation throughout the development lifecycle.",1
The comparative analysis demonstrates that the proposed framework achieves superior performance on standardized benchmarks while maintaining interpretability and computational efficiency.,1
"This approach offers several advantages over traditional methods. It is computationally efficient, highly adaptable to varying input conditions, and produces results consistent with established theoretical predictions.",1
i have no idea how to start this problem. like i understand the theory but where do you even begin,0
honestly i just winged the entire assignment and got a B so i think im good lol. didnt even read half the chapters,0
The proposed solution addresses the identified limitations through a combination of algorithmic improvements and architectural redesign. Preliminary benchmarks indicate a performance improvement of approximately 40 percent compared to the baseline approach.,1
i asked my dad about this since he works in the field and he said the textbook version is outdated by like 10 years,0
the results were different every time i ran it which tells me something in the process isnt consistent,0
the second approach seems more logical to me personally but i can see why some people prefer the first,0
"Understanding this concept requires familiarity with foundational principles from multiple disciplines, including mathematics, physics, and computer science. An interdisciplinary approach is therefore essential for comprehensive analysis.",1
"This document provides a comprehensive overview of the theoretical background, practical applications, and future research directions associated with the subject matter under investigation.",1
can someone check my work? i feel like i made an error somewhere around step 4 but i cant figure out where,0
the graph looks weird to me. like the spike at week 3 doesnt match what we expected based on the hypothesis,0
i spent like 2 hours on this and im still stuck on the same part. maybe ill just ask during office hours,0
The technical specifications outlined in this document serve as the authoritative reference for implementation teams. Deviations from these specifications should be formally documented and assessed for potential impact.,1
